<?xml version="1.0" encoding="ISO-8859-1" standalone="yes"?>
<TrafficMatrixFile xsi:noNamespaceSchemaLocation="http://totem.run.montefiore.ulg.ac.be/Schema/TrafficMatrix-v1_2.xsd" xmlns:xsi="http://www.w3.org/2001/XMLSchema-instance">
    <IntraTM ASID="11537">
        <src id="ATLA-M5">
            <dst id="ATLA-M5">69.7413333333333</dst>
            <dst id="ATLAng">433.218666666667</dst>
            <dst id="CHINng">356.938666666667</dst>
            <dst id="DNVRng">0</dst>
            <dst id="HSTNng">53.3333333333333</dst>
            <dst id="IPLSng">869.282666666667</dst>
            <dst id="KSCYng">1118.63733333333</dst>
            <dst id="LOSAng">1149.63466666667</dst>
            <dst id="NYCMng">1673.28</dst>
            <dst id="SNVAng">716.528</dst>
            <dst id="STTLng">138.112</dst>
            <dst id="WASHng">766.269333333333</dst>
        </src>
        <src id="ATLAng">
            <dst id="ATLA-M5">522.549333333333</dst>
            <dst id="ATLAng">23582.8373333333</dst>
            <dst id="CHINng">21984.4666666667</dst>
            <dst id="DNVRng">5291.768</dst>
            <dst id="HSTNng">2375.25333333333</dst>
            <dst id="IPLSng">22697.152</dst>
            <dst id="KSCYng">5831.544</dst>
            <dst id="LOSAng">30098.3733333333</dst>
            <dst id="NYCMng">9610.36</dst>
            <dst id="SNVAng">1532.84133333333</dst>
            <dst id="STTLng">11261.12</dst>
            <dst id="WASHng">38320.8506666667</dst>
        </src>
        <src id="CHINng">
            <dst id="ATLA-M5">820.274666666667</dst>
            <dst id="ATLAng">62415.7333333333</dst>
            <dst id="CHINng">90637.4666666666</dst>
            <dst id="DNVRng">20756.192</dst>
            <dst id="HSTNng">49358.2986666667</dst>
            <dst id="IPLSng">76420.9706666667</dst>
            <dst id="KSCYng">16479.6026666667</dst>
            <dst id="LOSAng">1106746.88</dst>
            <dst id="NYCMng">20706.112</dst>
            <dst id="SNVAng">4775.25866666667</dst>
            <dst id="STTLng">14227.648</dst>
            <dst id="WASHng">37298.8666666667</dst>
        </src>
        <src id="DNVRng">
            <dst id="ATLA-M5">356.4</dst>
            <dst id="ATLAng">6232.472</dst>
            <dst id="CHINng">78753.8533333333</dst>
            <dst id="DNVRng">4519.792</dst>
            <dst id="HSTNng">13453.9253333333</dst>
            <dst id="IPLSng">26847.2986666667</dst>
            <dst id="KSCYng">10474.208</dst>
            <dst id="LOSAng">14488.8133333333</dst>
            <dst id="NYCMng">22253.6693333333</dst>
            <dst id="SNVAng">7124.95733333333</dst>
            <dst id="STTLng">8616.39733333333</dst>
            <dst id="WASHng">60910.7066666667</dst>
        </src>
        <src id="HSTNng">
            <dst id="ATLA-M5">351.344</dst>
            <dst id="ATLAng">4930.2</dst>
            <dst id="CHINng">20654.4293333333</dst>
            <dst id="DNVRng">5928.856</dst>
            <dst id="HSTNng">9481.60266666667</dst>
            <dst id="IPLSng">9823.65066666666</dst>
            <dst id="KSCYng">4613.89333333333</dst>
            <dst id="LOSAng">7597.13866666667</dst>
            <dst id="NYCMng">9488.376</dst>
            <dst id="SNVAng">2576.28533333333</dst>
            <dst id="STTLng">3150.616</dst>
            <dst id="WASHng">6741.96</dst>
        </src>
        <src id="IPLSng">
            <dst id="ATLA-M5">532.48</dst>
            <dst id="ATLAng">32994.304</dst>
            <dst id="CHINng">125175.450666667</dst>
            <dst id="DNVRng">20674.7653333333</dst>
            <dst id="HSTNng">6636.896</dst>
            <dst id="IPLSng">31536.4053333333</dst>
            <dst id="KSCYng">9300.928</dst>
            <dst id="LOSAng">53216.8053333333</dst>
            <dst id="NYCMng">85489.736</dst>
            <dst id="SNVAng">2159.43733333333</dst>
            <dst id="STTLng">15369.3253333333</dst>
            <dst id="WASHng">48748.472</dst>
        </src>
        <src id="KSCYng">
            <dst id="ATLA-M5">367.098666666667</dst>
            <dst id="ATLAng">8740.44</dst>
            <dst id="CHINng">24593.3226666667</dst>
            <dst id="DNVRng">16687.584</dst>
            <dst id="HSTNng">4027.576</dst>
            <dst id="IPLSng">9201.96</dst>
            <dst id="KSCYng">8888.76</dst>
            <dst id="LOSAng">9492.44266666667</dst>
            <dst id="NYCMng">6651.48533333333</dst>
            <dst id="SNVAng">1534.07733333333</dst>
            <dst id="STTLng">1892.35466666667</dst>
            <dst id="WASHng">28551.1573333333</dst>
        </src>
        <src id="LOSAng">
            <dst id="ATLA-M5">2115.13333333333</dst>
            <dst id="ATLAng">17500.832</dst>
            <dst id="CHINng">91079.5226666667</dst>
            <dst id="DNVRng">13834.6773333333</dst>
            <dst id="HSTNng">13189.2533333333</dst>
            <dst id="IPLSng">40857.1306666667</dst>
            <dst id="KSCYng">16466.2746666667</dst>
            <dst id="LOSAng">12752.6266666667</dst>
            <dst id="NYCMng">69077.1386666667</dst>
            <dst id="SNVAng">14183.7146666667</dst>
            <dst id="STTLng">21804.2133333333</dst>
            <dst id="WASHng">133458.101333333</dst>
        </src>
        <src id="NYCMng">
            <dst id="ATLA-M5">1248.64</dst>
            <dst id="ATLAng">71225.2426666667</dst>
            <dst id="CHINng">61050.9066666667</dst>
            <dst id="DNVRng">39930.7146666667</dst>
            <dst id="HSTNng">16962.1893333333</dst>
            <dst id="IPLSng">72872.64</dst>
            <dst id="KSCYng">28681.9866666667</dst>
            <dst id="LOSAng">90992.136</dst>
            <dst id="NYCMng">204788.48</dst>
            <dst id="SNVAng">8932.968</dst>
            <dst id="STTLng">26027.3306666667</dst>
            <dst id="WASHng">115160.368</dst>
        </src>
        <src id="SNVAng">
            <dst id="ATLA-M5">26.6666666666667</dst>
            <dst id="ATLAng">191.858666666667</dst>
            <dst id="CHINng">4196.40266666667</dst>
            <dst id="DNVRng">18965.224</dst>
            <dst id="HSTNng">290.341333333333</dst>
            <dst id="IPLSng">6480.66666666667</dst>
            <dst id="KSCYng">2032.78133333333</dst>
            <dst id="LOSAng">70349.4186666667</dst>
            <dst id="NYCMng">974.464</dst>
            <dst id="SNVAng">22475.2906666667</dst>
            <dst id="STTLng">60859.544</dst>
            <dst id="WASHng">2604.43466666667</dst>
        </src>
        <src id="STTLng">
            <dst id="ATLA-M5">173.786666666667</dst>
            <dst id="ATLAng">10674.0186666667</dst>
            <dst id="CHINng">14455.5866666667</dst>
            <dst id="DNVRng">3322.76266666667</dst>
            <dst id="HSTNng">8532.82933333333</dst>
            <dst id="IPLSng">12574.7066666667</dst>
            <dst id="KSCYng">4052.824</dst>
            <dst id="LOSAng">30678.7386666667</dst>
            <dst id="NYCMng">5159.232</dst>
            <dst id="SNVAng">3741.192</dst>
            <dst id="STTLng">1189.92533333333</dst>
            <dst id="WASHng">8040.55466666667</dst>
        </src>
        <src id="WASHng">
            <dst id="ATLA-M5">1245.01066666667</dst>
            <dst id="ATLAng">144439.749333333</dst>
            <dst id="CHINng">65214.5173333333</dst>
            <dst id="DNVRng">63312.1893333333</dst>
            <dst id="HSTNng">23888.072</dst>
            <dst id="IPLSng">51462.3706666667</dst>
            <dst id="KSCYng">23126.4053333333</dst>
            <dst id="LOSAng">126121.264</dst>
            <dst id="NYCMng">205733.194666667</dst>
            <dst id="SNVAng">9679.10933333333</dst>
            <dst id="STTLng">35431.9493333333</dst>
            <dst id="WASHng">202879.557333333</dst>
        </src>
    </IntraTM>
</TrafficMatrixFile>
